start,end ,activity,imu_start,imu_end
0,2,head nod,1.72,3.7199999999999998
2,3,idle,3.7199999999999998,4.72
3,9,false alarm,4.72,10.72
9,45,nail,10.72,46.72
45,47,idle,46.72,48.72
47,73,nail,48.72,74.72
73,80,false alarm,74.72,81.72
80,103,nail,81.72,104.72
103,105,false alarm,104.72,106.72
105,106,idle,106.72,107.72
